LeakTime	TI.TimeLeakInt
LeakConsumption	TI.Qleak
LeakPoint	TI.PointLeak
LeakPressureDiff	TI.DeltaP
LeakTime	TI.TimeLeakInt
LeakConsumption	TI.Qleak
LeakPoint	TI.PointLeak
LeakPressureDiff	TI.DeltaP
LeakTime	TI.TimeLeakInt
LeakConsumption	TI.Qleak
LeakPoint	TI.PointLeak
LeakPressureDiff	TI.DeltaP
LeakTime	TI.TimeLeakInt
LeakConsumption	TI.Qleak
LeakPoint	TI.PointLeak
LeakPressureDiff	TI.DeltaP
LeakTime	TI.TimeLeakInt
LeakConsumption	TI.Qleak
LeakPoint	TI.PointLeak
LeakPressureDiff	TI.DeltaP
LeakTime	TI.TimeLeakInt
LeakConsumption	TI.Qleak
LeakPoint	TI.PointLeak
LeakPressureDiff	TI.DeltaP
LeakTime	TI.TimeLeakInt
LeakConsumption	TI.Qleak
LeakPoint	TI.PointLeak
LeakPressureDiff	TI.DeltaP
LeakTime	TI.TimeLeakInt
LeakConsumption	TI.Qleak
LeakPoint	TI.PointLeak
LeakPressureDiff	TI.DeltaP
